source_file,doc_type,doc_date,doc_number,counterparty,item_description_original,item_description_normalized,part_number,hsn_code,quantity,uom,unit_price,amount,shade,lot_number
doc_001.pdf,TAX_INVOICE,2026-01-04,P29129,WHITE ROSE TEXTILES LLP,111/1/80 NYLON TWT DYED,111/1/80 NYLON TWT DYED,111-1-80-NYL-TWT-DYD,54025100,5.0,KGS,360.0,35996.4,BLACK,NL60092
doc_001.pdf,TAX_INVOICE,2026-01-04,P29129,WHITE ROSE TEXTILES LLP,111/1/80 NYLON TWT DYED,111/1/80 NYLON TWT DYED,111-1-80-NYL-TWT-DYD,54025100,1.0,KGS,360.0,79599.6,BLACK,NL60061
doc_002.pdf,DELIVERY_INSTRUCTION,2026-01-01,DDS/00484/25-26,SANIL TEX PVT LTD,80/34/1000 T-TWT GREY YARN LIGHT - WHITE,80/34/1000 T-TWT GREY YARN,80-34-1000-PES-T-TWT-GRY,,300.0,KGS,171.5,51450.0,,
doc_003.pdf,DELIVERY_INSTRUCTION,2026-01-12,DDS/00499/25-26,MAHAJAN SILK MILLS,200/48/350 T-TWT GREY YARN DIRECT - WHITE,200/48/350 T-TWT GREY YARN,200-48-350-PES-T-TWT-GRY,,4200.0,KGS,128.5,539700.0,,
doc_004.pdf,TAX_INVOICE,2026-01-03,P29119,PAGE INDUSTRIES LTD,70/2/80 NYLON TWT DYED,70/2/80 NYLON TWT DYED,70-2-80-NYL-TWT-DYD,54025100,1.0,KGS,368.0,8206.4,J,NL60203
doc_005.pdf,DELIVERY_INSTRUCTION,2026-01-27,DDS/00538/25-26,,80/34/600 T-TWT GREY YARN LIGHT - WHITE,80/34/600 T-TWT GREY YARN,80-34-600-PES-T-TWT-GRY,,1000.0,KGS,164.0,164000.0,,
doc_006.pdf,TAX_INVOICE,2026-01-05,P29151,DEVISHREE ENTERPRISES,110/36 CATEX DYED YARN,110/36 CATEX DYED YARN,110-36-PES-CATEX-DYD,54024700,155.9,KGS,208.0,32427.2,RED,VP154236
doc_007.pdf,DELIVERY_INSTRUCTION,2026-01-22,DDS/00528/25-26,RESPA TEXTILES PRIVATE LIMITED,120/75X2 SPD-POLY-COVER BLACK DARK+10 - BLACK,120/75 X2 SPD-POLY-COVER BLACK DARK+10 - BLACK,120-75-PES,,3000.0,KGS,480.0,1440000.0,,
doc_008.pdf,PURCHASE_ORDER,2026-01-24,DPY/00366/25-26,RELIANCE INDUSTRIES LTD,265/48 SD POY,265/48 SD POY,265-48-PES-SD-POY,54024600,20000.0,KGS,89.3,1786000.0,,
doc_009.pdf,DELIVERY_INSTRUCTION,2026-01-22,DDS/00531/25-26,SPICA INDUSTRIES PRIVATE LIMITED,. - RAW WHITE,. - RAW WHITE,,,2200.0,KGS,365.0,803000.0,,
doc_010.pdf,TAX_INVOICE,2026-01-04,P29134,DEEP TEX,85/34/300 T-TWT DYED YARN,85/34/300 T-TWT DYED YARN,85-34-300-PES-T-TWT-DYD,54025210,124.6,KGS,241.5,30090.9,LT PT628,VP154003
doc_011.pdf,TAX_INVOICE,2026-01-02,P29108,"TULIP ELASTICS PVT.LTD.,",111/2/80 NYLON TWT DYED,111/2/80 NYLON TWT DYED,111-2-80-NYL-TWT-DYD,54025100,354.29,KGS,363.0,128607.27,,NL60371
doc_012.pdf,DELIVERY_INSTRUCTION,2026-01-23,DDS/00535/25-26,LAXMINATH TEXTILES,65/2 DR-LIM GREY YARN LIGHT - WHITE,65/2 GREY YARN,65-2-PES-GRY,,12000.0,KGS,123.0,1476000.0,,
doc_014.pdf,TAX_INVOICE,2026-01-01,P29096,SRI VIGNESH TEXTILES,111/2/80 NYLON TWT DYED,111/2/80 NYLON TWT DYED,111-2-80-NYL-TWT-DYD,54025100,204.42,KGS,372.0,76044.24,,NL60214
doc_014.pdf,TAX_INVOICE,2026-01-01,P29096,SRI VIGNESH TEXTILES,111/2/80 NYLON TWT DYED,111/2/80 NYLON TWT DYED,111-2-80-NYL-TWT-DYD,54025100,21.285,KGS,372.0,7918.02,PURPLE,NL60270
doc_014.pdf,TAX_INVOICE,2026-01-01,P29096,SRI VIGNESH TEXTILES,70/2/80 NYLON TWT DYED,70/2/80 NYLON TWT DYED,70-2-80-NYL-TWT-DYD,54025100,101.165,KGS,387.0,39150.86,OLIVE,NL60193
doc_014.pdf,TAX_INVOICE,2026-01-01,P29096,SRI VIGNESH TEXTILES,70/2/80 NYLON TWT DYED,70/2/80 NYLON TWT DYED,70-2-80-NYL-TWT-DYD,54025100,95.77,KGS,387.0,37062.99,,NL60310
doc_015.pdf,DELIVERY_INSTRUCTION,2026-01-06,DDS/00491/25-26,GOLDEN GATES ENTERPRISES,120/75X2 SPD-POLY-COVER BLACK DARK+10 - BLACK,120/75 X2 SPD-POLY-COVER BLACK DARK+10 - BLACK,120-75-PES,,100.0,KGS,505.0,50500.0,,
doc_016.pdf,DELIVERY_INSTRUCTION,2026-01-21,DDS/00515/25-26,JSM ENTERPRISES,100/34/600 T-TWT GREY YARN LIGHT - WHITE,100/34/600 T-TWT GREY YARN,100-34-600-PES-T-TWT-GRY,,1000.0,KGS,163.0,163000.0,,
doc_017.pdf,PURCHASE_ORDER,2026-01-05,DPY/00335/25-26,BEEKAYLON SYNTHETICS PVT. LTD.,126/72 FD POY,126/72 FD POY,126-72-PES-FD-POY,54024600,6500.0,KGS,99.0,643500.0,,
doc_018.pdf,TAX_INVOICE,2026-01-01,P29095,SUPER KNIT INDUSTRIES,70/1/80 NYLON TWT DYED,70/1/80 NYLON TWT DYED,70-1-80-NYL-TWT-DYD,54025100,22.1,KGS,382.0,8442.2,RUST,NL60125
doc_020.pdf,DELIVERY_INSTRUCTION,2026-01-21,DDS/00517/25-26,JSM ENTERPRISES,80/34/600 T-TWT GREY YARN LIGHT - WHITE,80/34/600 T-TWT GREY YARN,80-34-600-PES-T-TWT-GRY,,450.0,KGS,163.0,73350.0,,
doc_021.pdf,TAX_INVOICE,2026-01-03,P29115,V.T. HANDLOOMS,110/72/0 SUPER CATLON,110/72/0 SUPER CATLON,110-72-0-PES-CATLON,54024700,14010.3698,KGS,214.0,30319.52,MEJANTA8,VP154016
doc_022.pdf,TAX_INVOICE,2026-01-04,P29140,WHITE ROSE TEXTILES LLP,111/2/80 NYLON TWT DYED,111/2/80 NYLON TWT DYED,111-2-80-NYL-TWT-DYD,54025100,1.0,KGS,340.0,73052.4,BLACK,NL60132
doc_022.pdf,TAX_INVOICE,2026-01-04,P29140,WHITE ROSE TEXTILES LLP,111/2/80 NYLON TWT DYED,111/2/80 NYLON TWT DYED,111-2-80-NYL-TWT-DYD,54025100,1.0,KGS,340.0,121305.2,BLACK,NL60133
doc_023.pdf,DELIVERY_INSTRUCTION,2026-01-22,DDS/00526/25-26,GULAB HOSIERY MFG CO,. - RAW WHITE,. - RAW WHITE,,,25.0,KGS,300.0,7500.0,,
doc_024.pdf,DELIVERY_INSTRUCTION,2026-01-06,DDS/00489/25-26,NATIONAL HOSIERY FACTORY,20/80 SPD-POLY-AC DYED YARN DARK+10 - BLACK,20/80 DYED YARN,20-80-PES-DYD,,200.0,KGS,187.0,37400.0,,
doc_025.pdf,PURCHASE_ORDER,2026-01-05,DPY/00342/25-26,MEHER CREATIONS,85/24 NYLON POY,85/24 NYLON POY,85-24-NYL-POY,54024500,20160.0,KGS,152.0,3064320.0,,
doc_026.pdf,TAX_INVOICE,2026-01-01,P29097,KOHINOOR ELASTICS PVT. LTD.,75/34/2/100 POLY.HB TWT DYED YARN,75/34/2/100 HB-TWT DYED YARN,75-34-2-100-PES-HB-TWT-DYD,,361.28,KGS,216.5,78217.12,BLACK,VP153973
doc_027.pdf,TAX_INVOICE,2026-01-05,P29142,PREMCO GLOBAL LIMITED,150/96/0 MH-LIM HARD DYED,150/96/0 MH-LIM HARD DYED,150-96-0-PES-MH-LIM-DYD,54023300,223.805,KGS,195.0,43641.98,,VP154133
doc_028.pdf,DELIVERY_INSTRUCTION,2026-01-21,DDS/00518/25-26,MALVILON SYNTHETICS PVT.LTD,LIGHT - WHITE,LIGHT - WHITE,,,1500.0,KGS,150.5,225750.0,,
doc_029.pdf,TAX_INVOICE,2026-01-04,P29135,LEADER TAPES,70/2/80 NYLON TWT DYED,70/2/80 NYLON TWT DYED,70-2-80-NYL-TWT-DYD,54025100,110.915,KGS,382.0,42369.53,BLACK,NL58115
doc_029.pdf,TAX_INVOICE,2026-01-04,P29135,LEADER TAPES,70/2/80 NYLON TWT DYED,70/2/80 NYLON TWT DYED,70-2-80-NYL-TWT-DYD,54025100,219.61,KGS,382.0,83891.02,BLACK,NL58329
doc_029.pdf,TAX_INVOICE,2026-01-04,P29135,LEADER TAPES,70/2/80 NYLON TWT DYED,70/2/80 NYLON TWT DYED,70-2-80-NYL-TWT-DYD,54025100,209.42,KGS,382.0,79998.44,BLACK,NL58692
doc_029.pdf,TAX_INVOICE,2026-01-04,P29135,LEADER TAPES,70/2/80 NYLON TWT DYED,70/2/80 NYLON TWT DYED,70-2-80-NYL-TWT-DYD,54025100,225.66,KGS,382.0,86202.12,,NL58764
doc_029.pdf,TAX_INVOICE,2026-01-04,P29135,LEADER TAPES,70/2/80 NYLON TWT DYED,70/2/80 NYLON TWT DYED,70-2-80-NYL-TWT-DYD,54025100,354.795,KGS,382.0,135531.69,,NL60427
doc_032.pdf,DELIVERY_INSTRUCTION,2026-01-27,DDS/00537/25-26,,100/34/600 T-TWT GREY YARN LIGHT - WHITE,100/34/600 T-TWT GREY YARN,100-34-600-PES-T-TWT-GRY,,2000.0,KGS,164.0,328000.0,,
doc_033.pdf,DELIVERY_INSTRUCTION,2026-01-15,DDS/00506/25-26,NATIONAL HOSIERY FACTORY,20/80 SPD-POLY-AC GREY YARN LIGHT - WHITE,20/80 GREY YARN,20-80-PES-GRY,,200.0,KGS,177.0,35400.0,,
doc_034.pdf,PURCHASE_ORDER,2026-01-10,DPY/00345/25-26,ALLIANCE FIBRES PRIVATE LIMITED,300/96 NIM RECYCLED POLYESTER YARN,300/96 NIM RECYCLED POLYESTER YARN,300-96-PES,54023300,520.0,KGS,121.0,62920.0,,
doc_035.pdf,DELIVERY_INSTRUCTION,2026-01-10,DDS/00496/25-26,FRAM CREATIONS LLP,20/80 SPD-POLY-AC GREY YARN LIGHT - WHITE,20/80 GREY YARN,20-80-PES-GRY,,300.0,KGS,210.0,63000.0,,
doc_038.pdf,TAX_INVOICE,2026-01-05,P29141,BIMAL SINGH KAMAL SINGH,85/34/0 T-DYED YARN,85/34/0 T-DYED YARN,85-34-0-PES-DYD,54023300,18.48,KGS,197.0,3640.56,LT SVS160,VP154160
doc_040.pdf,DELIVERY_INSTRUCTION,2026-01-21,DDS/00522/25-26,FRAM CREATIONS LLP,20/80 SPD-POLY-AC DYED YARN DARK+10 - BLACK,20/80 DYED YARN,20-80-PES-DYD,,300.0,KGS,220.0,66000.0,,
doc_042.pdf,TAX_INVOICE,2026-01-03,P29120,PAGE INDUSTRIES LTD,70/2/80 NYLON TWT DYED,70/2/80 NYLON TWT DYED,70-2-80-NYL-TWT-DYD,54025100,187.75,KGS,368.0,69092.0,GREEN,NL60082
doc_043.pdf,TAX_INVOICE,2026-01-04,P29131,KARBHARI CORPORATION,111/1/80 NYLON TWT DYED,111/1/80 NYLON TWT DYED,111-1-80-NYL-TWT-DYD,54025100,7.0,KGS,375.0,26411.25,SPANISH4,NL60159
doc_043.pdf,TAX_INVOICE,2026-01-04,P29131,KARBHARI CORPORATION,111/1/80 NYLON TWT DYED,111/1/80 NYLON TWT DYED,111-1-80-NYL-TWT-DYD,54025100,78.57,KGS,380.0,29856.6,SNUFF,NL60131
doc_043.pdf,TAX_INVOICE,2026-01-04,P29131,KARBHARI CORPORATION,40/2/80 NYLON TWT DYED,40/2/80 NYLON TWT DYED,40-2-80-NYL-TWT-DYD,54025100,90.6,KGS,459.0,41585.4,BLACK,NL60376
doc_044.pdf,DELIVERY_INSTRUCTION,2026-01-09,DDS/00492/25-26,BIMAL MARKETING LLP,80/34/1000 T-TWT GREY YARN LIGHT - WHITE,80/34/1000 T-TWT GREY YARN,80-34-1000-PES-T-TWT-GRY,,130.0,KGS,172.5,22425.0,,
doc_046.pdf,TAX_INVOICE,2026-01-04,P29133,SANTDAS SILK MILLS,155/34/350 T-TWT DYED,155/34/350 T-TWT DYED,155-34-350-PES-T-TWT-DYD,54025210,173.67,KGS,232.5,40378.28,,VP154029
doc_047.pdf,DELIVERY_INSTRUCTION,2026-01-05,DDS/00487/25-26,PINEAPPLE FASHION PRIVATE LIMITED,80/72/2/0 FD-HIM GREY YARN LIGHT - WHITE,80/72/2/0 GREY YARN,80-72-2-0-PES-GRY,,1000.0,KGS,121.0,121000.0,,
doc_048.pdf,DELIVERY_INSTRUCTION,2026-01-23,DDS/00533/25-26,DEEP SILK MILLS,80/34/1000 T-TWT GREY YARN LIGHT - WHITE,80/34/1000 T-TWT GREY YARN,80-34-1000-PES-T-TWT-GRY,,80.0,KGS,170.0,13600.0,,
doc_049.pdf,TAX_INVOICE,2026-01-04,P29132,KINGSTON WEAVING INDUSTRIES,85/34/300 ROYAL WARP DYED,85/34/300 ROYAL WARP DYED,85-34-300-PES-ROYAL-WARP-DYD,54025210,178.0,KGS,248.5,44233.0,LT FIVESTAR7,VP153980
doc_050.pdf,TAX_INVOICE,2026-01-01,P29094,SUPER KNIT INDUSTRIES,85/34/0 T- DYED YARN,85/34/0 T-DYED YARN,85-34-0-PES-DYD,54023300,313.45,KGS,193.0,60495.85,LT VPS333,VP153997
doc_051.pdf,TAX_INVOICE,2026-01-05,P29149,PAGE INDUSTRIES LTD,70/2/80 NYLON TWT DYED,70/2/80 NYLON TWT DYED,70-2-80-NYL-TWT-DYD,54025100,70.53,KGS,368.0,25955.04,GREEN,NL60465
doc_052.pdf,TAX_INVOICE,2026-01-04,P29137,SRI VIGNESH TEXTILES,70/72/2/120 NYLON MICRO,70/72/2/120 NYLON MICRO,70-72-2-120-NYL-MICRO,54025100,1.0,KGS,470.0,0.0,,NL60452
doc_053.pdf,DELIVERY_INSTRUCTION,2026-01-22,DDS/00525/25-26,FRAM CREATIONS LLP,120/75X2 SPD-POLY-COVER BLACK DARK+10 - BLACK,120/75 X2 SPD-POLY-COVER BLACK DARK+10 - BLACK,120-75-PES,,200.0,KGS,505.0,101000.0,,
doc_054.pdf,TAX_INVOICE,2026-01-01,P29103,SRI VIGNESH TEXTILES,70/2/80 NYLON TWT DYED,70/2/80 NYLON TWT DYED,70-2-80-NYL-TWT-DYD,54025100,99.265,KGS,387.0,38415.56,,NL60201
doc_055.pdf,TAX_INVOICE,2026-01-05,P29144,PREMCO GLOBAL LIMITED,70/68/2/140 NYLON TWT DYED,70/68/2/140 NYLON TWT DYED,70-68-2-140-NYL-TWT-DYD,54025100,64.32,KGS,484.0,31130.88,LEPRE2,NL60454
doc_055.pdf,TAX_INVOICE,2026-01-05,P29144,PREMCO GLOBAL LIMITED,70/68/2/140 NYLON TWT DYED,70/68/2/140 NYLON TWT DYED,70-68-2-140-NYL-TWT-DYD,54025100,7.0,KGS,484.0,34010.68,,NL60405
doc_055.pdf,TAX_INVOICE,2026-01-05,P29144,PREMCO GLOBAL LIMITED,70/68/2/140 NYLON TWT DYED,70/68/2/140 NYLON TWT DYED,70-68-2-140-NYL-TWT-DYD,54025100,68.36,KGS,484.0,33086.24,BISCAY3BAY6,NL60506
doc_055.pdf,TAX_INVOICE,2026-01-05,P29144,PREMCO GLOBAL LIMITED,70/68/2/140 NYLON TWT DYED,70/68/2/140 NYLON TWT DYED,70-68-2-140-NYL-TWT-DYD,54025100,3.0,KGS,484.0,48513.74,,NL60455
doc_056.pdf,DELIVERY_INSTRUCTION,2026-01-13,DDS/00500/25-26,RG GLOBAL,. - RAW WHITE,. - RAW WHITE,,,200.0,KGS,160.0,32000.0,,
doc_058.pdf,DELIVERY_INSTRUCTION,2026-01-17,DDS/00514/25-26,VARDHMAN YARNS AND THREADS LIMITED (SEZ),. - RAW WHITE,. - RAW WHITE,,,1000.0,KGS,270.0,270000.0,,
doc_059.pdf,DELIVERY_INSTRUCTION,2026-01-29,DDS/00539/25-26,BRIGHT CHOICE OVERSEAS,20D SPANDEX YARN NA,20D SPANDEX YARN NA,,,32.0,KGS,335.0,10720.0,,
doc_060.pdf,DELIVERY_INSTRUCTION,2026-01-27,DDS/00536/25-26,PINEAPPLE FASHION PRIVATE LIMITED,LIGHT - WHITE,LIGHT - WHITE,,,2000.0,KGS,151.0,302000.0,,
doc_061.pdf,TAX_INVOICE,2026-01-03,P29113,KOHINOOR ELASTICS PVT. LTD.,70/68/2/140 NYLON TWT DYED,70/68/2/140 NYLON TWT DYED,70-68-2-140-NYL-TWT-DYD,54025100,70.175,KGS,469.0,32912.08,BLAC3K,NL60269
doc_061.pdf,TAX_INVOICE,2026-01-03,P29113,KOHINOOR ELASTICS PVT. LTD.,70/68/2/140 NYLON TWT DYED,70/68/2/140 NYLON TWT DYED,70-68-2-140-NYL-TWT-DYD,54025100,44.78,KGS,459.0,20554.02,,NL60387
doc_061.pdf,TAX_INVOICE,2026-01-03,P29113,KOHINOOR ELASTICS PVT. LTD.,70/68/2/140 Z TWT NYLON,70/68/2/140 NYLON Z TWT,70-68-2-140-NYL-TWT,54025100,9.85,KGS,459.0,4521.15,,NL60399
doc_061.pdf,TAX_INVOICE,2026-01-03,P29113,KOHINOOR ELASTICS PVT. LTD.,70/68/2/140 NYLON TWT DYED,70/68/2/140 NYLON TWT DYED,70-68-2-140-NYL-TWT-DYD,54025100,37.63,KGS,459.0,17272.17,,NL60258
doc_062.pdf,TAX_INVOICE,2026-01-04,P29128,SRI VIGNESH TEXTILES,110/48/2/80 HB-TWT DYED,110/48/2/80 HB-TWT DYED,110-48-2-80-PES-HB-TWT-DYD,54025210,505.67,KGS,192.0,97088.64,R BLUE,VP154112
doc_063.pdf,DELIVERY_INSTRUCTION,2026-01-05,DDS/00486/25-26,PINEAPPLE FASHION PRIVATE LIMITED,80/72/0/W-FD-HIM GREY YARN LIGHT - WHITE,80/72/0 GREY YARN,80-72-0-PES-GRY,,3000.0,KGS,121.0,363000.0,,
doc_065.pdf,DELIVERY_INSTRUCTION,2026-01-10,DDS/00497/25-26,FRAM CREATIONS LLP,20/80 SPD-POLY-AC DYED YARN DARK+10 - BLACK,20/80 DYED YARN,20-80-PES-DYD,,300.0,KGS,220.0,66000.0,,
doc_068.pdf,DELIVERY_INSTRUCTION,2026-01-22,DDS/00530/25-26,SPICA INDUSTRIES PRIVATE LIMITED,DARK+10 - BLACK,DARK+10 - BLACK,,,2600.0,KGS,375.0,975000.0,,
doc_069.pdf,PURCHASE_ORDER,2026-01-15,DPY/00348/25-26,SANATHAN TEXTILES LIMITED,160/72 BRT CATONIC POY,160/72 POY,160-72-PES-BRT-POY,54024600,18000.0,KGS,110.0,1980000.0,,
doc_069.pdf,PURCHASE_ORDER,2026-01-15,DPY/00348/25-26,SANATHAN TEXTILES LIMITED,160/36 BRT CATONIC POY,160/36 POY,160-36-PES-BRT-POY,54024600,6000.0,KGS,110.0,660000.0,,
doc_069.pdf,PURCHASE_ORDER,2026-01-15,DPY/00348/25-26,SANATHAN TEXTILES LIMITED,160/72 SD CATONIC POY,160/72 POY,160-72-PES-SD-POY,54024600,10000.0,KGS,110.0,1100000.0,,
doc_070.pdf,DELIVERY_INSTRUCTION,2026-01-06,DDS/00490/25-26,GOLDEN GATES ENTERPRISES,. - RAW WHITE,. - RAW WHITE,,,50.0,KGS,495.0,24750.0,,
doc_072.pdf,TAX_INVOICE,2026-01-03,P29118,KOHINOOR ELASTICS PVT. LTD.,70/2/140 IGST on Rs.192791.97 NYLON TWT DYED,70/2/140 NYLON TWT DYED,70-2-140-NYL-TWT-DYD,54025100,51.45,KGS,0.0,0.0,,NL60247
doc_074.pdf,DELIVERY_INSTRUCTION,2026-01-22,DDS/00527/25-26,GULAB HOSIERY MFG CO,DARK+10 - BLACK,DARK+10 - BLACK,,,25.0,KGS,310.0,7750.0,,
doc_075.pdf,DELIVERY_INSTRUCTION,2026-01-10,DDS/00495/25-26,KUMAR ELASTICS,DARK+10 - BLACK,DARK+10 - BLACK,,,1500.0,KGS,145.0,217500.0,,
doc_076.pdf,DELIVERY_INSTRUCTION,2026-01-17,DDS/00512/25-26,VARDHMAN YARNS AND THREADS LIMITED,. - RAW WHITE,. - RAW WHITE,,,500.0,KGS,270.0,135000.0,,
doc_077.pdf,PURCHASE_REQUISITION,2025-11-25,POY/00280/25-26,RELIANCE INDUSTRIES LTD,250/34 POY,250/34 POY,250-34-PES-POY,,16000.0,KGS,88.55,0.0,,
doc_077.pdf,PURCHASE_REQUISITION,2025-11-25,POY/00280/25-26,RELIANCE INDUSTRIES LTD,162/34 SD POY,162/34 SD POY,162-34-PES-SD-POY,,12000.0,KGS,91.55,0.0,,
doc_077.pdf,PURCHASE_REQUISITION,2025-11-25,POY/00280/25-26,RELIANCE INDUSTRIES LTD,122/72 POY,122/72 POY,122-72-PES-POY,,6000.0,KGS,93.55,0.0,,
doc_077.pdf,PURCHASE_REQUISITION,2025-11-25,POY/00280/25-26,RELIANCE INDUSTRIES LTD,80/34 SD POY,80/34 SD POY,80-34-PES-SD-POY,,4000.0,KGS,98.55,0.0,,
doc_077.pdf,PURCHASE_REQUISITION,2025-11-25,POY/00280/25-26,RELIANCE INDUSTRIES LTD,265/48 SD POY,265/48 SD POY,265-48-PES-SD-POY,,15000.0,KGS,87.3,0.0,,
doc_078.pdf,TAX_INVOICE,2026-01-05,P29154,SUPER KNIT INDUSTRIES,70/1/80 NYLON TWT DYED,70/1/80 NYLON TWT DYED,70-1-80-NYL-TWT-DYD,54025100,18.84,KGS,392.0,7385.28,D10NXD1608,NL60547
doc_079.pdf,TAX_INVOICE,2026-01-02,P29109,KOHINOOR ELASTICS PVT. LTD.,70/68/2/140 NYLON TWT DYED YARN,70/68/2/140 NYLON TWT DYED YARN,70-68-2-140-NYL-TWT-DYD,54025100,104.69,KGS,459.0,48052.71,DIR CNF970SS,NL60424
doc_080.pdf,DELIVERY_INSTRUCTION,2026-01-17,DDS/00510/25-26,BIMAL MARKETING LLP,LIGHT - WHITE,LIGHT - WHITE,,,500.0,KGS,148.0,74000.0,,
doc_081.pdf,TAX_INVOICE,2026-01-01,P29099,MAHALAXMI ENTERPRISES,110/72 SUPER KARIZMA,110/72 SUPER KARIZMA,110-72-PES,54024700,356.71,KGS,201.0,71698.71,D.MAJENT1A2,VP152806
doc_082.pdf,DELIVERY_INSTRUCTION,2026-01-21,DDS/00516/25-26,JSM ENTERPRISES,100/34/600 T-TWT GREY YARN LIGHT - WHITE,100/34/600 T-TWT GREY YARN,100-34-600-PES-T-TWT-GRY,,1000.0,KGS,163.0,163000.0,,
doc_083.pdf,PURCHASE_ORDER,2026-01-20,DPY/00360/25-26,CENTURY ENKA LTD.,85/24 DOPE DYED BLACK NYLON POY,85/24 NYLON POY,85-24-NYL-POY-DYD,54024500,3200.0,KGS,193.0,617600.0,,
doc_084.pdf,TAX_INVOICE,2026-01-05,P29148,"TULIP ELASTICS PVT.LTD.,",70/68/2/140 NYLON TWT DYED,70/68/2/140 NYLON TWT DYED,70-68-2-140-NYL-TWT-DYD,54025100,20.635,KGS,464.0,9574.64,,NL60642
doc_084.pdf,TAX_INVOICE,2026-01-05,P29148,"TULIP ELASTICS PVT.LTD.,",70/2/140 NYLON TWT DYED,70/2/140 NYLON TWT DYED,70-2-140-NYL-TWT-DYD,54025100,20.28,KGS,374.0,7584.72,LT VNY5077,NL60460
doc_084.pdf,TAX_INVOICE,2026-01-05,P29148,"TULIP ELASTICS PVT.LTD.,",70/68/2/140 NYLON TWT DYED,70/68/2/140 NYLON TWT DYED,70-68-2-140-NYL-TWT-DYD,54025100,19.405,KGS,480.0,9314.4,,NL60476
doc_086.pdf,DELIVERY_INSTRUCTION,2026-01-21,DDS/00523/25-26,FRAM CREATIONS LLP,20/80 SPD-POLY-AC GREY YARN LIGHT - WHITE,20/80 GREY YARN,20-80-PES-GRY,,300.0,KGS,210.0,63000.0,,
doc_087.pdf,DELIVERY_INSTRUCTION,2026-01-21,DDS/00519/25-26,PINEAPPLE FASHION PRIVATE LIMITED,LIGHT - WHITE,LIGHT - WHITE,,,1000.0,KGS,151.0,151000.0,,
doc_089.pdf,TAX_INVOICE,2026-01-01,P29098,BIMAL SINGH KAMAL SINGH,155/34/0 T-DYED YARN,155/34/0 T-DYED YARN,155-34-0-PES-DYD,54023300,200.36,KGS,190.0,38068.4,,VP153974
doc_089.pdf,TAX_INVOICE,2026-01-01,P29098,BIMAL SINGH KAMAL SINGH,155/34/0 T- DYED YARN,155/34/0 T-DYED YARN,155-34-0-PES-DYD,54023300,121.19,KGS,200.0,24238.0,,VP153989
doc_089.pdf,TAX_INVOICE,2026-01-01,P29098,BIMAL SINGH KAMAL SINGH,150/34/0 T-DYED YARN,150/34/0 T-DYED YARN,150-34-0-PES-DYD,54023300,127.42,KGS,200.0,25484.0,,VP153995
doc_090.pdf,DELIVERY_INSTRUCTION,2026-01-15,DDS/00504/25-26,GLOBAL EXPORTS,85/34/600 T-TWT GREY YARN LIGHT - WHITE,85/34/600 T-TWT GREY YARN,85-34-600-PES-T-TWT-GRY,,1000.0,KGS,152.0,152000.0,,
doc_091.pdf,TAX_INVOICE,2026-01-05,P29147,KOHINOOR ELASTICS PVT. LTD.,70/68/2/140 NYLON TWT DYED,70/68/2/140 NYLON TWT DYED,70-68-2-140-NYL-TWT-DYD,54025100,195.11,KGS,459.0,0.0,,NL60374
doc_092.pdf,DELIVERY_INSTRUCTION,2026-01-17,DDS/00511/25-26,VARDHMAN YARNS AND THREADS LIMITED,. - RAW WHITE,. - RAW WHITE,,,10000.0,KGS,207.0,2070000.0,,
doc_093.pdf,GOODS_RECEIPT_NOTE,2025-10-05,DYT/01116/25-26,RELIANCE INDUSTRIES LTD,126/34 POY,126/34 POY,126-34-PES-POY,54024600,4033.4,KGS,96.5,389223.1,,
doc_094.pdf,DELIVERY_INSTRUCTION,2026-01-16,DDS/00508/25-26,SPICA INDUSTRIES PRIVATE LIMITED,DARK+10 - BLACK,DARK+10 - BLACK,,,600.0,KGS,375.0,225000.0,,
doc_095.pdf,DELIVERY_INSTRUCTION,2026-01-21,DDS/00520/25-26,NATIONAL HOSIERY FACTORY,20/80 SPD-POLY-AC GREY YARN LIGHT - WHITE,20/80 GREY YARN,20-80-PES-GRY,,200.0,KGS,177.0,35400.0,,
doc_096.pdf,DELIVERY_INSTRUCTION,2026-01-10,DDS/00494/25-26,KUMAR ELASTICS,LIGHT - WHITE,LIGHT - WHITE,,,500.0,KGS,135.0,67500.0,,
doc_097.pdf,DELIVERY_INSTRUCTION,2026-01-15,DDS/00507/25-26,NATIONAL HOSIERY FACTORY,20/80 SPD-POLY-AC DYED YARN DARK+10 - BLACK,20/80 DYED YARN,20-80-PES-DYD,,200.0,KGS,187.0,37400.0,,
doc_098.pdf,DELIVERY_INSTRUCTION,2026-01-15,DDS/00505/25-26,GLOBAL EXPORTS,100/34/600 T-TWT GREY YARN LIGHT - WHITE,100/34/600 T-TWT GREY YARN,100-34-600-PES-T-TWT-GRY,,1000.0,KGS,162.0,162000.0,,
doc_099.pdf,DELIVERY_INSTRUCTION,2026-01-10,DDS/00493/25-26,SANIL TEX PVT LTD,80/34/1000 T-TWT GREY YARN LIGHT - WHITE,80/34/1000 T-TWT GREY YARN,80-34-1000-PES-T-TWT-GRY,,700.0,KGS,171.5,120050.0,,
doc_100.pdf,TAX_INVOICE,2026-01-01,P29107,WHITE ROSE TEXTILES LLP,111/2/80 NYLON TWT DYED,111/2/80 NYLON TWT DYED,111-2-80-NYL-TWT-DYD,54025100,19.0,KGS,330.0,117069.15,BEIGE,NL60289
doc_100.pdf,TAX_INVOICE,2026-01-01,P29107,WHITE ROSE TEXTILES LLP,111/2/80 NYLON TWT DYED,111/2/80 NYLON TWT DYED,111-2-80-NYL-TWT-DYD,54025100,12.0,KGS,330.0,66910.8,BEIGE,NL60309
doc_101.pdf,TAX_INVOICE,2026-01-05,P29150,BLAUMANN INDUSTRIES PRIVATE LIMITED,75/48/2/80 HB-TWT DYED,75/48/2/80 HB-TWT DYED,75-48-2-80-PES-HB-TWT-DYD,54025210,360.35,KGS,192.0,69187.2,RED,VP154163
doc_102.pdf,DELIVERY_INSTRUCTION,2026-01-17,DDS/00513/25-26,VARDHMAN YARNS AND THREADS LIMITED (SEZ),. - RAW WHITE,. - RAW WHITE,,,3000.0,KGS,207.0,621000.0,,
doc_104.pdf,DELIVERY_INSTRUCTION,2026-01-01,DDS/00485/25-26,KINGSTON WEAVING INDUSTRIES,80/34/600 T-TWT GREY YARN LIGHT - WHITE,80/34/600 T-TWT GREY YARN,80-34-600-PES-T-TWT-GRY,,250.0,KGS,163.0,40750.0,,
doc_105.pdf,TAX_INVOICE,2026-01-01,P29102,PREMCO GLOBAL LIMITED,70/68/2/140 NYLON TWT DYED,70/68/2/140 NYLON TWT DYED,70-68-2-140-NYL-TWT-DYD,54025100,4.0,KGS,491.0,48955.16,,NL60378
doc_105.pdf,TAX_INVOICE,2026-01-01,P29102,PREMCO GLOBAL LIMITED,70/2/140 NYLON TWT DYED,70/2/140 NYLON TWT DYED,70-2-140-NYL-TWT-DYD,54025100,96.315,KGS,374.0,36021.81,CHARCOA5L,NL60301
doc_108.pdf,TAX_INVOICE,2026-01-05,P29145,PREMCO GLOBAL LIMITED,70/68/2/140 NYLON TWT DYED,70/68/2/140 NYLON TWT DYED,70-68-2-140-NYL-TWT-DYD,54025100,42.0,KGS,484.0,20436.9,,NL60493
doc_109.pdf,TAX_INVOICE,2026-01-05,P29146,KOHINOOR ELASTICS PVT. LTD.,70/2/140 ROUNDED NYLON OFF TWT DYED,70/2/140,70-2-140-NYL-TWT-DYD,54025100,21.69,KGS,403.0,0.0,,NL60456
doc_110.pdf,DELIVERY_INSTRUCTION,2026-01-14,DDS/00501/25-26,SUPER KNIT INDUSTRIES,20/80 SPD-POLY-AC GREY YARN . - RAW WHITE,20/80 GREY YARN,20-80-PES-GRY,,1000.0,KGS,205.0,205000.0,,
doc_111.pdf,TAX_INVOICE,2026-01-03,P29114,MAHALAXMI ENTERPRISES,110D SUPER CATLON DYED,110D SUPER CATLON DYED,,54024700,142.35,KGS,201.0,28612.35,ROSE,VP154077
doc_111.pdf,TAX_INVOICE,2026-01-03,P29114,MAHALAXMI ENTERPRISES,110D SUPER CATLON DYED,110D SUPER CATLON DYED,,54024700,151.33,KGS,201.0,30417.33,,VP154078
doc_111.pdf,TAX_INVOICE,2026-01-03,P29114,MAHALAXMI ENTERPRISES,110D SUPER CATLON DYED,110D SUPER CATLON DYED,,54024700,176.65,KGS,201.0,35506.65,,VP154078
doc_111.pdf,TAX_INVOICE,2026-01-03,P29114,MAHALAXMI ENTERPRISES,110D SUPER CATLON DYED,110D SUPER CATLON DYED,,54024700,169.99,KGS,201.0,34167.99,WINE,VP154125
doc_112.pdf,DELIVERY_INSTRUCTION,2026-01-01,DDS/00485/25-26,KINGSTON WEAVING INDUSTRIES,80/34/600 T-TWT GREY YARN LIGHT - WHITE,80/34/600 T-TWT GREY YARN,80-34-600-PES-T-TWT-GRY,,250.0,KGS,163.0,40750.0,,
doc_113.pdf,PURCHASE_ORDER,2026-01-23,DPY/00363/25-26,CENTURY ENKA LTD.,120/24 NYLON POY,120/24 NYLON POY,120-24-NYL-POY,54024500,26000.0,KGS,166.0,4316000.0,,
doc_114.pdf,DELIVERY_INSTRUCTION,2026-01-21,DDS/00521/25-26,RATUL TEX PVT. LTD.,80/34/1000 T-TWT GREY YARN LIGHT - WHITE,80/34/1000 T-TWT GREY YARN,80-34-1000-PES-T-TWT-GRY,,200.0,KGS,173.5,34700.0,,
doc_117.pdf,TAX_INVOICE,2026-01-04,P29126,PREMCO GLOBAL LIMITED,70/68/2/140 NYLON TWT DYED,70/68/2/140 NYLON TWT DYED,70-68-2-140-NYL-TWT-DYD,54025100,3.0,KGS,484.0,39922.74,SEA,NL60341
doc_117.pdf,TAX_INVOICE,2026-01-04,P29126,PREMCO GLOBAL LIMITED,70/68/2/140 NYLON TWT DYED,70/68/2/140 NYLON TWT DYED,70-68-2-140-NYL-TWT-DYD,54025100,98.94,KGS,484.0,47886.96,FUDGE4,NL60468
doc_117.pdf,TAX_INVOICE,2026-01-04,P29126,PREMCO GLOBAL LIMITED,70/68/2/140 NYLON TWT DYED,70/68/2/140 NYLON TWT DYED,70-68-2-140-NYL-TWT-DYD,54025100,49.85,KGS,484.0,24127.4,GREY,NL60463
doc_118.pdf,DELIVERY_INSTRUCTION,2026-01-05,DDS/00488/25-26,PINEAPPLE FASHION PRIVATE LIMITED,80/72/2/350 FDH-TWT GREY YARN LIGHT - WHITE,80/72/2/350 TWT GREY YARN,80-72-2-350-PES-TWT-GRY,,1000.0,KGS,165.0,165000.0,,
doc_119.pdf,PURCHASE_ORDER,2026-01-15,DPY/00351/25-26,RELIANCE INDUSTRIES LTD,162/34 SD POY,162/34 SD POY,162-34-PES-SD-POY,54024600,6000.0,KGS,91.55,549300.0,,
doc_119.pdf,PURCHASE_ORDER,2026-01-15,DPY/00351/25-26,RELIANCE INDUSTRIES LTD,250/34 POY,250/34 POY,250-34-PES-POY,54024600,8000.0,KGS,88.55,708400.0,,
doc_120.pdf,DELIVERY_INSTRUCTION,2026-01-12,DDS/00498/25-26,MUDASSAR TEXTILES,80/34/300 T-TWT GREY YARN LIGHT - WHITE,80/34/300 T-TWT GREY YARN,80-34-300-PES-T-TWT-GRY,,200.0,KGS,147.0,29400.0,,
doc_121.pdf,TAX_INVOICE,2026-01-03,P29110,BIMAL SINGH KAMAL SINGH,85/34/0 T- DYED YARN,85/34/0 T-DYED YARN,85-34-0-PES-DYD,54023300,205.93,KGS,197.0,40568.21,LT CE1011,VP153969
doc_121.pdf,TAX_INVOICE,2026-01-03,P29110,BIMAL SINGH KAMAL SINGH,155/34/0 T- DYED YARN,155/34/0 T-DYED YARN,155-34-0-PES-DYD,54023300,197.37,KGS,200.0,39474.0,,VP154030
doc_122.pdf,TAX_INVOICE,2026-01-05,P29143,PREMCO GLOBAL LIMITED,75/48/2/80 HT-TWT DYED,75/48/2/80 HT-TWT DYED,75-48-2-80-PES-T-TWT-DYD,54025210,434.415,KGS,191.0,82973.27,BLACK,VP154202
doc_123.pdf,TAX_INVOICE,2026-01-03,P29121,PAGE INDUSTRIES LTD,70/2/80 NYLON TWT DYED,70/2/80 NYLON TWT DYED,70-2-80-NYL-TWT-DYD,54025100,13.0,KGS,368.0,48053.44,RICH,NL60334
doc_124.pdf,DELIVERY_INSTRUCTION,2026-01-22,DDS/00529/25-26,RESPA TEXTILES PRIVATE LIMITED,. - RAW WHITE,. - RAW WHITE,,,2000.0,KGS,470.0,940000.0,,
doc_126.pdf,PURCHASE_ORDER,2026-01-28,DPY/00369/25-26,RELIANCE INDUSTRIES LTD,505/96 POY,505/96 POY,505-96-PES-POY,54024600,5100.0,KGS,89.8,457980.0,,
doc_128.pdf,GOODS_RECEIPT_NOTE,2025-12-20,DYT/01563/25-26,RELIANCE INDUSTRIES LTD,162/34 SD POY,162/34 SD POY,162-34-PES-SD-POY,54024600,3538.808,KGS,91.25,322916.23,,
doc_129.pdf,PURCHASE_ORDER,2025-09-16,DPY/00193/25-26,RELIANCE INDUSTRIES LTD,108/36 POY,108/36 POY,108-36-PES-POY,54024600,20000.0,KGS,98.78,1975600.0,,
doc_129.pdf,PURCHASE_ORDER,2025-09-16,DPY/00193/25-26,RELIANCE INDUSTRIES LTD,126/34 POY,126/34 POY,126-34-PES-POY,54024600,240000.0,KGS,96.55,23172000.0,,
doc_129.pdf,PURCHASE_ORDER,2025-09-16,DPY/00193/25-26,RELIANCE INDUSTRIES LTD,126/48 POY,126/48 POY,126-48-PES-POY,54024600,20000.0,KGS,96.55,1931000.0,,
doc_129.pdf,PURCHASE_ORDER,2025-09-16,DPY/00193/25-26,RELIANCE INDUSTRIES LTD,160/48 SD POY,160/48 SD POY,160-48-PES-SD-POY,54024600,12000.0,KGS,95.55,1146600.0,,
doc_129.pdf,PURCHASE_ORDER,2025-09-16,DPY/00193/25-26,RELIANCE INDUSTRIES LTD,160/72 BRT POY,160/72 BRT POY,160-72-PES-BRT-POY,54024600,192.0,KGS,184.0,35328.0,,
doc_129.pdf,PURCHASE_ORDER,2025-09-16,DPY/00193/25-26,RELIANCE INDUSTRIES LTD,165/34 POY,165/34 POY,165-34-PES-POY,54024600,8000.0,KGS,95.55,764400.0,,
doc_129.pdf,PURCHASE_ORDER,2025-09-16,DPY/00193/25-26,RELIANCE INDUSTRIES LTD,230/48 SD POY,230/48 SD POY,230-48-PES-SD-POY,54024600,4000.0,KGS,94.05,376200.0,,
doc_129.pdf,PURCHASE_ORDER,2025-09-16,DPY/00193/25-26,RELIANCE INDUSTRIES LTD,250/34 POY,250/34 POY,250-34-PES-POY,54024600,24000.0,KGS,93.55,2245200.0,,
doc_129.pdf,PURCHASE_ORDER,2025-09-16,DPY/00193/25-26,RELIANCE INDUSTRIES LTD,250/48 POY,250/48 POY,250-48-PES-POY,54024600,8000.0,KGS,93.55,748400.0,,
doc_129.pdf,PURCHASE_ORDER,2025-09-16,DPY/00193/25-26,RELIANCE INDUSTRIES LTD,80/36 POY,80/36 POY,80-36-PES-POY,54024600,4000.0,KGS,102.55,410200.0,,
doc_130.pdf,TAX_INVOICE,2026-01-05,P29152,H S DEVARAJU SILKS,110/36 CATEX DYED YARN,110/36 CATEX DYED YARN,110-36-PES-CATEX-DYD,54024700,6.0,KGS,209.0,21922.01,LT CTW48B BOTTLE,VP154143
doc_131.pdf,PURCHASE_ORDER,2025-11-25,DPY/00280/25-26,RELIANCE INDUSTRIES LTD,122/72 POY,122/72 POY,122-72-PES-POY,54024600,6000.0,KGS,93.55,561300.0,,
doc_131.pdf,PURCHASE_ORDER,2025-11-25,DPY/00280/25-26,RELIANCE INDUSTRIES LTD,162/34 SD POY,162/34 SD POY,162-34-PES-SD-POY,54024600,12000.0,KGS,91.55,1098600.0,,
doc_131.pdf,PURCHASE_ORDER,2025-11-25,DPY/00280/25-26,RELIANCE INDUSTRIES LTD,250/34 POY,250/34 POY,250-34-PES-POY,54024600,16000.0,KGS,88.55,1416800.0,,
doc_131.pdf,PURCHASE_ORDER,2025-11-25,DPY/00280/25-26,RELIANCE INDUSTRIES LTD,265/48 SD POY,265/48 SD POY,265-48-PES-SD-POY,54024600,15000.0,KGS,87.3,1309500.0,,
doc_131.pdf,PURCHASE_ORDER,2025-11-25,DPY/00280/25-26,RELIANCE INDUSTRIES LTD,80/34 SD POY,80/34 SD POY,80-34-PES-SD-POY,54024600,4000.0,KGS,98.55,394200.0,,
doc_132.pdf,TAX_INVOICE,2026-01-03,P29116,DEVISHREE ENTERPRISES,110/36 CATEX DYED YARN,110/36 CATEX DYED YARN,110-36-PES-CATEX-DYD,54024700,290.01,KGS,208.0,60322.08,DKCAT-106,VP154114
doc_133.pdf,DELIVERY_INSTRUCTION,2026-01-22,DDS/00532/25-26,,100/34/600 T-TWT GREY YARN LIGHT - WHITE,100/34/600 T-TWT GREY YARN,100-34-600-PES-T-TWT-GRY,,1000.0,KGS,163.0,163000.0,,
doc_134.pdf,TAX_INVOICE,2026-01-05,P29153,KOHINOOR ELASTICS PVT. LTD.,70/68/2/140 NYLON TWT DYED,70/68/2/140 NYLON TWT DYED,70-68-2-140-NYL-TWT-DYD,54025100,4.0,KGS,459.0,56899.02,,NL60559
doc_134.pdf,TAX_INVOICE,2026-01-05,P29153,KOHINOOR ELASTICS PVT. LTD.,70/68/2/140 NYLON TWT DYED,70/68/2/140 NYLON TWT DYED,70-68-2-140-NYL-TWT-DYD,54025100,23.08,KGS,459.0,10593.72,,NL60339
doc_134.pdf,TAX_INVOICE,2026-01-05,P29153,KOHINOOR ELASTICS PVT. LTD.,70/68/2/140 NYLON TWT DYED,70/68/2/140 NYLON TWT DYED,70-68-2-140-NYL-TWT-DYD,54025100,386.74,KGS,464.0,179447.36,BLACK,NL60398
doc_134.pdf,TAX_INVOICE,2026-01-05,P29153,KOHINOOR ELASTICS PVT. LTD.,70/68/2/140 NYLON TWT DYED,70/68/2/140 NYLON TWT DYED,70-68-2-140-NYL-TWT-DYD,54025100,18.2,KGS,532.0,9682.4,SCOOTER1,NL60312
doc_135.pdf,DELIVERY_INSTRUCTION,2025-12-27,DDS/00472/25-26,,100/34/600 T-TWT GREY YARN LIGHT - WHITE,100/34/600 T-TWT GREY YARN,100-34-600-PES-T-TWT-GRY,,1500.0,KGS,162.0,243000.0,,
doc_136.pdf,TAX_INVOICE,2026-01-03,P29117,KOHINOOR ELASTICS PVT. LTD.,70/68/2/140 NYLON TWT DYED,70/68/2/140 NYLON TWT DYED,70-68-2-140-NYL-TWT-DYD,54025100,356.86,KGS,459.0,163798.74,TURB1U3LAN3C56E.,NL60348
doc_137.pdf,PURCHASE_ORDER,2026-01-05,DPY/00338/25-26,RELIANCE INDUSTRIES LTD,122/72 POY,122/72 POY,122-72-PES-POY,54024600,8000.0,KGS,93.55,748400.0,,
doc_137.pdf,PURCHASE_ORDER,2026-01-05,DPY/00338/25-26,RELIANCE INDUSTRIES LTD,126/34 POY,126/34 POY,126-34-PES-POY,54024600,40000.0,KGS,92.55,3702000.0,,
doc_137.pdf,PURCHASE_ORDER,2026-01-05,DPY/00338/25-26,RELIANCE INDUSTRIES LTD,126/48 POY,126/48 POY,126-48-PES-POY,54024600,30000.0,KGS,92.55,2776500.0,,
doc_137.pdf,PURCHASE_ORDER,2026-01-05,DPY/00338/25-26,RELIANCE INDUSTRIES LTD,162/34 SD POY,162/34 SD POY,162-34-PES-SD-POY,54024600,16000.0,KGS,91.55,1464800.0,,
doc_137.pdf,PURCHASE_ORDER,2026-01-05,DPY/00338/25-26,RELIANCE INDUSTRIES LTD,250/144 FD POY,250/144 FD POY,250-144-PES-FD-POY,54024600,6000.0,KGS,104.78,628680.0,,
doc_137.pdf,PURCHASE_ORDER,2026-01-05,DPY/00338/25-26,RELIANCE INDUSTRIES LTD,250/34 POY,250/34 POY,250-34-PES-POY,54024600,30000.0,KGS,88.55,2656500.0,,
doc_138.pdf,TAX_INVOICE,2026-01-04,P29139,WHITE ROSE TEXTILES LLP,111/2/80 NYLON TWT DYED,111/2/80 NYLON TWT DYED,111-2-80-NYL-TWT-DYD,54025100,6.0,KGS,330.0,35755.5,BEIGE,NL60277
doc_138.pdf,TAX_INVOICE,2026-01-04,P29139,WHITE ROSE TEXTILES LLP,111/2/80 NYLON TWT DYED,111/2/80 NYLON TWT DYED,111-2-80-NYL-TWT-DYD,54025100,8.0,KGS,330.0,47977.05,BEIGE,NL60309
doc_138.pdf,TAX_INVOICE,2026-01-04,P29139,WHITE ROSE TEXTILES LLP,111/2/80 NYLON TWT DYED,111/2/80 NYLON TWT DYED,111-2-80-NYL-TWT-DYD,54025100,18.0,KGS,330.0,114328.5,BEIGE,NL60319
doc_139.pdf,DELIVERY_INSTRUCTION,2026-01-16,DDS/00509/25-26,SPICA INDUSTRIES PRIVATE LIMITED,. - RAW WHITE,. - RAW WHITE,,,700.0,KGS,365.0,255500.0,,
doc_140.pdf,TAX_INVOICE,2026-01-04,P29124,PREMCO GLOBAL LIMITED,70/68/2/140 NYLON TWT DYED,70/68/2/140 NYLON TWT DYED,70-68-2-140-NYL-TWT-DYD,54025100,2.0,KGS,484.0,11221.54,,NL60295
doc_140.pdf,TAX_INVOICE,2026-01-04,P29124,PREMCO GLOBAL LIMITED,70/68/2/140 NYLON TWT DYED,70/68/2/140 NYLON TWT DYED,70-68-2-140-NYL-TWT-DYD,54025100,1.0,KGS,484.0,13210.78,BLUE,NL60475
doc_141.pdf,DELIVERY_INSTRUCTION,2026-01-14,DDS/00502/25-26,N K INDUSTRIES,. - RAW WHITE,. - RAW WHITE,,,300.0,KGS,305.0,91500.0,,
doc_142.pdf,PURCHASE_REQUISITION,2025-09-16,POY/00193/25-26,RELIANCE INDUSTRIES LTD,108/36 POY,108/36 POY,108-36-PES-POY,,20000.0,KGS,98.78,0.0,,
doc_142.pdf,PURCHASE_REQUISITION,2025-09-16,POY/00193/25-26,RELIANCE INDUSTRIES LTD,126/34 POY,126/34 POY,126-34-PES-POY,,240000.0,KGS,96.55,0.0,,
doc_142.pdf,PURCHASE_REQUISITION,2025-09-16,POY/00193/25-26,RELIANCE INDUSTRIES LTD,126/48 POY,126/48 POY,126-48-PES-POY,,20000.0,KGS,96.55,0.0,,
doc_142.pdf,PURCHASE_REQUISITION,2025-09-16,POY/00193/25-26,RELIANCE INDUSTRIES LTD,160/48 SD POY,160/48 SD POY,160-48-PES-SD-POY,,12000.0,KGS,95.55,0.0,,
doc_142.pdf,PURCHASE_REQUISITION,2025-09-16,POY/00193/25-26,RELIANCE INDUSTRIES LTD,160/72 BRT POY,160/72 BRT POY,160-72-PES-BRT-POY,,8000.0,KGS,97.3,0.0,,
doc_142.pdf,PURCHASE_REQUISITION,2025-09-16,POY/00193/25-26,RELIANCE INDUSTRIES LTD,165/34 POY,165/34 POY,165-34-PES-POY,,8000.0,KGS,95.55,0.0,,
doc_142.pdf,PURCHASE_REQUISITION,2025-09-16,POY/00193/25-26,RELIANCE INDUSTRIES LTD,230/48 SD POY,230/48 SD POY,230-48-PES-SD-POY,,4000.0,KGS,94.05,0.0,,
doc_142.pdf,PURCHASE_REQUISITION,2025-09-16,POY/00193/25-26,RELIANCE INDUSTRIES LTD,250/34 POY,250/34 POY,250-34-PES-POY,,24000.0,KGS,93.55,0.0,,
doc_142.pdf,PURCHASE_REQUISITION,2025-09-16,POY/00193/25-26,RELIANCE INDUSTRIES LTD,250/48 POY,250/48 POY,250-48-PES-POY,,8000.0,KGS,93.55,0.0,,
doc_142.pdf,PURCHASE_REQUISITION,2025-09-16,POY/00193/25-26,RELIANCE INDUSTRIES LTD,80/36 POY,80/36 POY,80-36-PES-POY,,4000.0,KGS,102.55,0.0,,
doc_145.pdf,DELIVERY_INSTRUCTION,2026-01-22,DDS/00524/25-26,FRAM CREATIONS LLP,. - RAW WHITE,. - RAW WHITE,,,100.0,KGS,495.0,49500.0,,
doc_146.pdf,TAX_INVOICE,2026-01-04,P29127,PREMCO GLOBAL LIMITED,70/68/2/140 NYLON TWT DYED,70/68/2/140 NYLON TWT DYED,70-68-2-140-NYL-TWT-DYD,54025100,48.205,KGS,484.0,23331.22,,NL60321
doc_147.pdf,TAX_INVOICE,2026-01-04,P29123,PREMCO GLOBAL LIMITED,300/96 SD LIM RECYCLED,300/96 SD LIM RECYCLED,300-96-PES,54023300,98.59,KGS,248.5,24499.62,LT RCR-109,
doc_148.pdf,TAX_INVOICE,2026-01-01,P29101,PREMCO GLOBAL LIMITED,300/96 SD LIM RECYCLED,300/96 SD LIM RECYCLED,300-96-PES,54023300,100.74,KGS,248.5,25033.89,LT RCR-108,
doc_149.pdf,PURCHASE_ORDER,2026-01-20,DPY/00358/25-26,RELIANCE POLYESTER LIMITED,250/36 SD RECYCLED POY,250/36 POY,250-36-PES-SD-POY,54024600,20000.0,KGS,105.55,2111000.0,,
doc_150.pdf,PURCHASE_ORDER,2026-01-20,DPY/00359/25-26,RELIANCE INDUSTRIES LTD,110/36 SD POY,110/36 SD POY,110-36-PES-SD-POY,54024600,12000.0,KGS,95.75,1149000.0,,
doc_150.pdf,PURCHASE_ORDER,2026-01-20,DPY/00359/25-26,RELIANCE INDUSTRIES LTD,122/72 POY,122/72 POY,122-72-PES-POY,54024600,12000.0,KGS,94.55,1134600.0,,
doc_150.pdf,PURCHASE_ORDER,2026-01-20,DPY/00359/25-26,RELIANCE INDUSTRIES LTD,123/72 FD POY,123/72 FD POY,123-72-PES-FD-POY,54024600,12000.0,KGS,102.05,1224600.0,,
doc_151.pdf,DELIVERY_INSTRUCTION,2026-01-14,DDS/00503/25-26,N K INDUSTRIES,DARK+10 - BLACK,DARK+10 - BLACK,,,500.0,KGS,315.0,157500.0,,
doc_153.pdf,TAX_INVOICE,2026-01-01,P29100,MAHALAXMI ENTERPRISES,110D SUPER CATLON DYED,110D SUPER CATLON DYED,,54024700,163.42,KGS,201.0,32847.42,WINE,VP154125
doc_153.pdf,TAX_INVOICE,2026-01-01,P29100,MAHALAXMI ENTERPRISES,110D SUPER CATLON DYED,110D SUPER CATLON DYED,,54024700,151.2,KGS,201.0,30391.2,RED,VP153537
doc_153.pdf,TAX_INVOICE,2026-01-01,P29100,MAHALAXMI ENTERPRISES,110D SUPER CATLON DYED,110D SUPER CATLON DYED,,54024700,151.55,KGS,201.0,30461.55,RED,VP153537
doc_154.pdf,DELIVERY_INSTRUCTION,2026-01-23,DDS/00534/25-26,LAXMINATH TEXTILES,LIGHT - WHITE,LIGHT - WHITE,,,8000.0,KGS,150.0,1200000.0,,
doc_155.pdf,TAX_INVOICE,2026-01-01,P29104,KOHINOOR ELASTICS PVT. LTD.,70/68/2/140 NYLON TWT DYED,70/68/2/140 NYLON TWT DYED,70-68-2-140-NYL-TWT-DYD,54025100,94.32,KGS,459.0,43292.88,,NL60011
doc_155.pdf,TAX_INVOICE,2026-01-01,P29104,KOHINOOR ELASTICS PVT. LTD.,70/2/140 NYLON TWT DYED,70/2/140 NYLON TWT DYED,70-2-140-NYL-TWT-DYD,54025100,29.205,KGS,403.0,11769.62,,NL60357
doc_155.pdf,TAX_INVOICE,2026-01-01,P29104,KOHINOOR ELASTICS PVT. LTD.,70/68/2/140 NYLON TWT DYED,70/68/2/140 NYLON TWT DYED,70-68-2-140-NYL-TWT-DYD,54025100,8.0,KGS,459.0,4011.66,,NL60380
doc_155.pdf,TAX_INVOICE,2026-01-01,P29104,KOHINOOR ELASTICS PVT. LTD.,70/68/2/140 NYLON TWT DYED,70/68/2/140 NYLON TWT DYED,70-68-2-140-NYL-TWT-DYD,54025100,19.425,KGS,459.0,8916.08,,NL60186
doc_156.pdf,TAX_INVOICE,2026-01-03,P29112,PREMCO GLOBAL LIMITED,70/68/2/140 NYLON TWT DYED,70/68/2/140 NYLON TWT DYED,70-68-2-140-NYL-TWT-DYD,54025100,3.0,KGS,484.0,29826.5,INK,NL60243
doc_156.pdf,TAX_INVOICE,2026-01-03,P29112,PREMCO GLOBAL LIMITED,70/68/2/140 NYLON TWT DYED,70/68/2/140 NYLON TWT DYED,70-68-2-140-NYL-TWT-DYD,54025100,55.51,KGS,484.0,26866.84,BISCAY2BAY5,NL60290
doc_157.pdf,TAX_INVOICE,2026-01-04,P29125,PREMCO GLOBAL LIMITED,70/68/2/140 NYLON TWT DYED,70/68/2/140 NYLON TWT DYED,70-68-2-140-NYL-TWT-DYD,54025100,3.0,KGS,484.0,40128.44,BLUE,NL60313
doc_158.pdf,TAX_INVOICE,2026-01-04,P29130,SARONG FABRICS,85/34/300 ROYAL WARP DYED,85/34/300 ROYAL WARP DYED,85-34-300-PES-ROYAL-WARP-DYD,54025210,177.78,KGS,258.5,45956.13,,VP152192
doc_159.pdf,TAX_INVOICE,2026-01-04,P29138,SIDANA SILK MILLS PVT. LTD.,85/34/300 ROYAL WARP DYED,85/34/300 ROYAL WARP DYED,85-34-300-PES-ROYAL-WARP-DYD,54025210,85.33,KGS,251.0,21417.83,LT VIRAJ-13,VP154085
doc_160.pdf,PURCHASE_ORDER,2026-01-17,DPY/00354/25-26,RELIANCE INDUSTRIES LTD,126/34 POY,126/34 POY,126-34-PES-POY,54024600,40000.0,KGS,93.55,3742000.0,,
doc_160.pdf,PURCHASE_ORDER,2026-01-17,DPY/00354/25-26,RELIANCE INDUSTRIES LTD,126/48 POY,126/48 POY,126-48-PES-POY,54024600,36000.0,KGS,93.55,3367800.0,,
doc_160.pdf,PURCHASE_ORDER,2026-01-17,DPY/00354/25-26,RELIANCE INDUSTRIES LTD,160/48 SD POY,160/48 SD POY,160-48-PES-SD-POY,54024600,16000.0,KGS,92.55,1480800.0,,
doc_160.pdf,PURCHASE_ORDER,2026-01-17,DPY/00354/25-26,RELIANCE INDUSTRIES LTD,160/72 BRT POY,160/72 BRT POY,160-72-PES-BRT-POY,54024600,16000.0,KGS,94.3,1508800.0,,
doc_160.pdf,PURCHASE_ORDER,2026-01-17,DPY/00354/25-26,RELIANCE INDUSTRIES LTD,162/34 SD POY,162/34 SD POY,162-34-PES-SD-POY,54024600,16000.0,KGS,92.55,1480800.0,,
doc_160.pdf,PURCHASE_ORDER,2026-01-17,DPY/00354/25-26,RELIANCE INDUSTRIES LTD,250/34 POY,250/34 POY,250-34-PES-POY,54024600,20000.0,KGS,89.55,1791000.0,,
doc_160.pdf,PURCHASE_ORDER,2026-01-17,DPY/00354/25-26,RELIANCE INDUSTRIES LTD,250/48 POY,250/48 POY,250-48-PES-POY,54024600,16000.0,KGS,89.55,1432800.0,,
doc_160.pdf,PURCHASE_ORDER,2026-01-17,DPY/00354/25-26,RELIANCE INDUSTRIES LTD,340/48 POY,340/48 POY,340-48-PES-POY,54024600,8000.0,KGS,89.05,712400.0,,
doc_161.pdf,TAX_INVOICE,2026-01-01,P29106,WHITE ROSE TEXTILES LLP,111/2/80 NYLON TWT DYED,111/2/80 NYLON TWT DYED,111-2-80-NYL-TWT-DYD,54025100,1.0,KGS,340.0,69373.6,BLACK,NL60072
doc_161.pdf,TAX_INVOICE,2026-01-01,P29106,WHITE ROSE TEXTILES LLP,111/2/80 NYLON TWT DYED,111/2/80 NYLON TWT DYED,111-2-80-NYL-TWT-DYD,54025100,2.0,KGS,340.0,118479.8,BLACK,NL60099
doc_161.pdf,TAX_INVOICE,2026-01-01,P29106,WHITE ROSE TEXTILES LLP,111/2/80 NYLON TWT DYED,111/2/80 NYLON TWT DYED,111-2-80-NYL-TWT-DYD,54025100,1.0,KGS,340.0,117220.1,BLACK,NL60149
